<?xml version="1.0" encoding="utf-8"?>
<extension
	type="module"
	version="2.5"
	client="administrator" method="upgrade">
	<name>All Icons</name>
	<author>Royce Harding</author>
	<creationDate>April 2012</creationDate>
	<copyright>Copyright (C) 2012 TDAndT. All rights reserved.</copyright>
	<license>GNU General Public License version 2 or later; see LICENSE.txt</license>
	<authorEmail>royce@tdandt.com</authorEmail>
	<authorUrl>www.tdandt.com</authorUrl>
	<version>1.0.0</version>
	<description>MOD_ALLICONS_XML_DESCRIPTION</description>
	<scriptfile>installer.php</scriptfile>
	<files>
		<filename module="mod_allicons">mod_allicons.php</filename>
		<filename>helper.php</filename>
		<filename>installer.php</filename>
		<filename>index.html</filename>
		<filename>mod_allicons.xml</filename>
		<folder>tmpl</folder>
	</files>
	<languages>
		<language tag="en-GB">en-GB.mod_allicons.ini</language>
		<language tag="en-GB">en-GB.mod_allicons.sys.ini</language>
	</languages>
	<help key="JHELP_EXTENSIONS_MODULE_MANAGER_ADMIN_ALLICONS" />
	<config>
		<fields name="params">
			<fieldset name="basic">
				<field
					name="catid"
					type="category"
					extension="com_allicons"
					label="JCATEGORY"
					multiple="true" size="5"
					default=""
					description="MOD_ALLICONS_FIELD_CATEGORY_DESC" >
					<option value="">JOPTION_ALL_CATEGORIES</option>
				</field>
			</fieldset>
			<fieldset name="advanced">
				<field
					name="layout"
					type="modulelayout"
					label="JFIELD_ALT_LAYOUT_LABEL"
					description="JFIELD_ALT_MODULE_LAYOUT_DESC" />

				<field
					name="moduleclass_sfx"
					type="text"
					label="COM_MODULES_FIELD_MODULECLASS_SFX_LABEL"
					description="COM_MODULES_FIELD_MODULECLASS_SFX_DESC" />

				<field
					name="cache"
					type="list"
					validate="options"
					default="1"
					label="COM_MODULES_FIELD_CACHING_LABEL"
					description="COM_MODULES_FIELD_CACHING_DESC">
					<option
						value="1">JGLOBAL_USE_GLOBAL</option>
					<option
						value="0">COM_MODULES_FIELD_VALUE_NOCACHING</option>
				</field>

				<field
					name="cachemode"
					type="hidden"
					default="static">
					<option
						value="static"></option>
				</field>
				
				<field
					name="cache_time"
					type="text"
					default="900"
					label="COM_MODULES_FIELD_CACHE_TIME_LABEL"
					description="COM_MODULES_FIELD_CACHE_TIME_DESC" />

				<field
					name="automatic_title"
					type="radio"
					validate="options"
					default="0"
					label="COM_MODULES_FIELD_AUTOMATIC_TITLE_LABEL"
					description="COM_MODULES_FIELD_AUTOMATIC_TITLE_DESC">
					<option
						value="0">JNO</option>
					<option
						value="1">JYES</option>
				</field>
			</fieldset>
		</fields>
	</config>
</extension>
